sepal_length,sepal_width,petal_length,petal_width,class
5.099999904632568,3.5,1.399999976158142,0.20000000298023224,"IRIS-SETOSA"
6.099999904632568,2.799999952316284,4,1.2999999523162842,"IRIS-VERSICOLOR"
5.699999809265137,2.799999952316284,4.099999904632568,1.2999999523162842,"IRIS-VIRGINICA"