class,sepal_length,sepal_width,petal_length,petal_width,sepal_area,petal_ratio,IRIS-VIRGINICA,IRIS-SETOSA,IRIS-VERSICOLOR,
IRIS-SETOSA,5.099999904632568,3.5,1.399999976158142,0.20000000298023224,17.850000381469727,7.0,,HUGE,,
IRIS-VERSICOLOR,6.099999904632568,2.799999952316284,4.0,1.2999999523162842,17.079999923706055,3.076923131942749,,,SMALL,
IRIS-VIRGINICA,5.699999809265137,2.799999952316284,4.099999904632568,1.2999999523162842,15.959999084472656,3.153846263885498,SMALL,,,
